Player ID,Name,Team,Batting Type,Pitching Type,Pitching Bonus,Handedness,Primary Position,Secondary Position,Tertiary Position,Reddit Username
3,Syd Kidd,ARI,BC,BB,B,Left,P,,,MNSyd
74,Einhorn,ARI,BC,BS,B,Right,P,,,Einhornfarm
133,Garren Smudge,ARI,BN,,,Left,C,,,inocain
2101,Burt Maclin,ARI,BP,,,Left,C,,,BMaclinFBI
,Luis Flemus,ARI,BN,,,Left,1B,,,luisflemus12
2132,I.M. Organic,ARI,BP,,,Right,1B,,,/u/Reverse-I_am_Organic
8,Will Power,ARI,BN,,,Right,2B,,,BearGuru
2078,Brent Royal,ARI,BP,,,Left,3B,,,ShockerSeahawkRoyal
274,Tsar Zaar,ARI,BC,,,Right,3B,,,Tsar_Zaar
2014,Rico Veringhipster,ARI,BC,,,Left,SS,,,recoveringhipster
2033,Cook Froster,ARI,BC,,,Right,LF,,,CookieFroster
15,Assassin Panda,ARI,BP,,,Left,LF,,,AssassinPanda97
14,A.Z. Chapman,ARI,BP,,,Right,LF,,,AZAthleticsfan
2015,S.K. Brettbug,ARI,BC,,,Left,CF,,,skbrettbug
2136,Garrett Ipnov,ARI,BC,,,Right,RF,,,gipnov23
,Junks Tandem,ATL,BN,BS,B,Right,P,,,JunksTandem
199,Cal Tiberius Jr.,ATL,BN,BF,B,Left,P,,,tiberius-jr
,Matt Carver,ATL,BC,BS,B,Left,P,,,Bip04
5,Y.E. Wally,ATL,BP,,,Right,C,,,whywebuildthewall
,Len Monz,ATL,BN,,,Right,1B,,,Lemmons17
,Jay Lupp,ATL,BC,,,Left,1B,,,Jaelup
224,Trey Rangers,ATL,BN,,,Right,2B,,,TheThreeRangers
242,Charles Lindberg,ATL,BP,,,Left,3B,,,Aviator157
226,Phil Coulson,ATL,BC,,,Left,3B,,,PHICOU10
1988,H.B. Boink,ATL,BC,,,Right,SS,,,hbboink
230,Matt Verdin,ATL,BN,,,Right,LF,,,Vauntice
231,Sadler Oriole,ATL,BC,,,Right,CF,,,sadoriolesfan
1989,C.J. Bastian,ATL,BP,,,Left,CF,,,CJBastian
232,Jake Blee,ATL,BP,,,Right,RF,,,Blee10
1966,Rob Pancakes,BAL,BC,BS,B,Left,P,,,RobotPancakes
148,Chipper Dipper,BAL,BN,,,Right,P,,,IEatTranslations
151,Indy Sayne,BAL,BC,,,Right,C,,,Museamaniac
233,Johnny Dickshot,BAL,BP,,,Right,1B,,,numberonedork
171,Clipper Charge,BAL,BC,,,Right,2B,,,ClipDodgeCharge
1968,Ludd van Shark,BAL,BN,,,Right,2B,,,LadderShark
158,Sam Smith,BAL,BP,,,Right,3B,,,sasmith2015
,Eric Sluver,BAL,BC,,,Right,3B,,,ecsluver_ 
1972,Bernie Petrol,BAL,BN,,,Right,SS,,,bernbp5
2066,Randy Nummer,BAL,BN,,,Left,LF,,,826836
,Clark Web,BAL,BN,,,Left,LF,,,cweb96
147,Meerkat Timmons,BAL,BC,,,Right,CF,,,snicklefritzed
162,Whit Merto,BAL,BC,,,Right,RF,,,robertwhitmer
2091,Big Tuna,DET,BN,BB,B,Right,P,,,machiavellism
2019,Bartholemew Masters,DET,BN,BS,B,Left,P,,,RoyOswaltsTractor
115,BB Bambino Jr.,DET,BC,,,Right,C,,,bbfriendshipexpress
2089,Valentino Rollin,DET,BP,,,Left,1B,,,rollinvl
222,King Fielder,DET,BP,,,Right,1B,,,Nerdfighter1174
100,Merodach Baladan,DET,BC,,,Right,2B,,,ghostelephant
101,Casey Nine,DET,BC,,,Left,3B,,,kc9kvu
2088,Martin Barnar,DET,BP,,,Right,3B,,,mbarnar
103,Mason Spurs,DET,BC,,,Left,SS,,,miasanspurs
104,Morris Deratt,DET,BN,,,Left,LF,,,debater3301
106,Sevag Vapor,DET,BC,,,Right,CF,,,savagevapor
107,Otis Nixon Sr.,DET,BP,,,Left,RF,,,almostthenewestdad
350,Lightning Balls,DET,BC,,,Right,RF,,,lightning_balls
112,Willoughby Hoose,HOU,BP,BS,B,Left,P,,,Woozy_Woozle
39,Whitt Bass,HOU,BC,BF,B,Right,P,,,kickthepony
2166,Lemmy Fraser,HOU,BN,,,Right,C,,,woelemm
241,Jay Money,HOU,BC,,,Right,1B,,,iJayMoney
1983,Jasper Orbit,HOU,BC,,,Left,2B,,,AstrosNation
109,Derek Bongiovanni,HOU,BC,,,Right,2B,,,thirdandwitten
1984,Jimbo Fishy,HOU,BC,,,Right,3B,,,ahappypoop
2032,Chester Facto,HOU,BC,,,Right,SS,,,CheetoFactor
297,Autumn Halladay,HOU,BC,,,Left,SS,,,c4d3nza
2202,Jacques Blaque,HOU,BN,,,Right,LF,,,blaque15
122,Riles McGiles,HOU,BC,,,Right,LF,,,Riles_McGiles
457,Buck Cheeks,HOU,BP,,,Left,CF,,,Buckcheeks
20,Quint Kimbrel,HOU,BC,,,Left,CF,,,imcerebrus
125,Triston Uzumaki,HOU,BC,,,Right,RF,,,talknojutsu312
2108,Chris Keebler,HOU,BN,,,Right,RF,,,CrumbyCookie
58,Hudson Quin,MIN,BP,BS,B,Left,P,,,Pieanator
120,Pablo Sanchez,MIN,BN,BB,B,Right,P,,,JE_25
2129,Tim Burr,MIN,BC,BF,B,Right,P,,,westsidedog
2128,Twinkie Power,MIN,BN,,,Left,C,,,TwinkiePower
2001,Holden Ryder,MIN,BP,,,Right,C,,,CarolinaPanthers
2125,Travis Hanky,MIN,BN,,,Left,1B,,,TCHankies
359,Dark Bobman,MIN,BC,,,Right,2B,,,Darkbobman1
167,Ron Eagle,MIN,BC,,,Right,3B,,,Reagens_Eagle
2124,Shiny Tenson,MIN,BN,,,Right,3B,,,10sunshine
2126,Mike Cal,MIN,BC,,,Right,SS,,,mcal24
267,"Jake ""JP"" Panik",MIN,BP,,,Left,SS,,,jp1704
213,Jack Marnette,MIN,BC,,,Right,LF,,,jmarnette
2114,Daz Reference,MIN,BN,,,Right,LF,,,ObsrefGames
783,Pete Wheeler,MIN,BP,,,Right,CF,,,Mcastagnaro30
2127,C.W. Mitzel,MIN,BC,,,Left,RF,,,cwmitzel
2065,Sonny Streaker,NYM,BC,BF,B,Right,P,,,5unstreaker
168,Bo-Horse Jackman,NYM,BN,,,Right,C,,,Phillyproud21
113,Kevin Arianna,NYM,BP,,,Right,C,,,hiariannalol
453,Red Trapper,NYM,BP,,,Left,1B,,,redbird_squirrel
,Art Inova,NYM,BP,,,Left,1B,,,innovativeartwork
2063,James Maso,NYM,BC,,,Right,1B,,,jamaso21
2006,Xavier Crowbar,NYM,BN,,,Right,2B,,,xCrowbar
344,Mongster Mash,NYM,BN,,,Right,3B,,,mongster_03
,Cold Honkey,NYM,BP,,,Right,3B,,,Officer_ColdHonkey
2037,Trey Paste,NYM,BC,,,Right,SS,,,sterling_mallory
,Bix Kayne,NYM,BC,,,Right,LF,,,bixkayne
2107,Chocolate Smegma,NYM,BC,,,Left,LF,,,Chocolate_Smegma
2060,Pip Squires,NYM,BC,,,Right,CF,,,TheSquires
179,Scotty Smalls,NYM,BC,,,Right,CF,,,See_You_Laterr
2062,James Earl Pwns,NYM,BP,,,Right,RF,,,James_Earl_Pwns
2147,Sal Shark,OAK,BN,BB,B,Right,P,,,TheSalsaShark
,Jay Schwizzle,OAK,BC,BF,B,Right,P,,,hinoisking
1982,Art Zyz,OAK,BC,,,Left,C,,,Artzyz
2096,Bobson Dugnutt,OAK,BC,,,Right,C,,,ManillaFace
,Justin Virga,OAK,BC,,,Right,C,,,Jvirga10
2103,Caleb VanVacter,OAK,BP,,,Right,1B,,,cvanvacter77
429,Kid Notcher,OAK,BC,,,Right,2B,,,notyourchild
,I.M. Robbot,OAK,BN,,,Right,2B,,,imrobbot
273,Max Wasson,OAK,BC,,,Right,2B,,,maxwasson2
,Sonny Scheim,OAK,BP,,,Left,3B,,,sun-scheim
2139,Graham Othrie,OAK,BP,,,Right,SS,,,grahm03
2025,Blue Moon Barthelemy,OAK,BN,,,Right,LF,,,thebubs1024
1961,Grey Goose McGillicuddy,OAK,BC,,,Right,CF,,,Ramicus
2095,Boaty McBoatface,OAK,BN,,,Right,RF,,,shadypizzaguy
,Brian Southwell,OAK,BN,,,Left,RF,,,Sciddlywuds
2111,Cy Hadd,PHI,BP,BS,B,Right,P,,,TheChaddy
286,Oliver Yu,PHI,BN,BB,B,Right,P,,,HelloAllOfYou
287,KC Bats,PHI,BN,,,Right,C,,,kc3551
2186,Lefty Schweez,PHI,BC,,,Left,1B,,,schweezey
206,Gil Metz,PHI,BP,,,Right,2B,,,Metssuck
2011,Kyle Mack,PHI,BC,,,Right,2B,,,kylemac22
290,Miguel Snow,PHI,BP,,,Right,3B,,,biigdog
,Wei-Chen Rodriguez,PHI,BP,,,Right,3B,,,JolIyJack
2042,Brandon Aconi,PHI,BC,,,Right,SS,,,baconi44
47,Ross Fire,PHI,BC,,,Right,SS,,,Crossfire912
346,Hunter Tuzero,PHI,BP,,,Right,LF,,,Hunter-2_0
300,Conrad Love,PHI,BN,,,Left,CF,,,welovemeconrad
2010,Cambo Dia,PHI,BC,,,Left,CF,,,horseydeucey
,Obi-Wan Canoli,PHI,BN,,,Right,RF,,,obiwan_canoli
2039,Conor McRedgor,PHI,BC,,,Right,RF,,,thereddeathpasses
336,Darth Vader,PIT,BN,BS,B,Right,P,,,darthvader1521
,Bartholomew Crumblepuff,PIT,BP,BB,B,Left,P,,,Eulebar
307,Gare Doctor,PIT,BN,,,Right,C,,,GareDR333
2073,Mike Anderson,PIT,BC,,,Right,C,,,mikea87
310,Jameson Poe,PIT,BP,,,Right,1B,,,Toli820
,Jethro Jammer,PIT,BC,,,Left,1B,,,bowliner344
312,Splash Nelson,PIT,BC,,,Right,2B,,,splashshots
2070,Johnny Hopkins,PIT,BN,,,Left,3B,,,bubonicnarwhal
314,Lance Lummox,PIT,BN,,,Right,SS,,,Lummoxx
,Albie Smith,PIT,BC,,,Right,LF,,,bballboy2
303,Jimmy Johns,PIT,BC,,,Left,CF,,,323K13L
2021,Baxter Payne,PIT,BN,,,Right,RF,,,bgps1180
1992,Rory Nipponsteer,PIT,BP,,,Right,RF,,,GroriousNipponSteer
395,S. A. R. Dinka,TOR,BC,BF,B,Right,P,,,sardinka
237,Levi Pyram,TOR,BC,BB,B,Right,P,,,livingpyramid
394,Ryan Gasting,TOR,BC,BS,B,Left,P,,,roothockey
397,Quentin Adams,TOR,BP,,,Right,C,,,Chaahps
23,Michael Voorhees,TOR,BN,,,Left,C,,,BigBatInsomniac
,Vinny Frumdibronks,TOR,BP,,,Right,1B,,,nyrangersallday
400,Graham Grams,TOR,BC,,,Left,2B,,,RolePlayingGrandma1
445,Mike Honcho,TOR,BN,,,Right,3B,,,ihavearedditaccount
190,Lane Drew,TOR,BC,,,Left,SS,,,StridentBoss
51,Forrest Gleeson,TOR,BN,,,Right,LF,,,foreverfun
446,Thomas Berry,TOR,BC,,,Right,CF,,,tomatoisaberry
410,Victor Justice,TOR,BN,,,Left,CF,,,Victors_Justice
,Augie Neintinowan,TOR,BC,,,Right,CF,,,augie1901
56,Ziggy Ceder,TOR,BC,,,Right,RF,,,ziggmiceter
2151,Jay Bedia,WSH,BP,BS,B,Left,P,,,jaybedia
284,Hudson Hildebrandt,WSH,BP,BF,B,Right,P,,,SenatorCam
396,Mylo Grams,WSH,BC,,,Right,C,,,canigetawoop_woop
2051,Bo Kinsella,WSH,BN,,,Right,1B,,,BuiltForGirth
37,Osmosis Jones,WSH,BC,,,Left,2B,,,AdmiralJones42
2040,Gene Hennig,WSH,BC,,,Right,2B,,,geneticlyperfct
2201,Humphrey Carter,WSH,BN,,,Left,3B,,,Humpcatter
2059,Nathaniel Booth,WSH,BP,,,Left,3B,,,Nbooth20
2053,Larry Wayne,WSH,BP,,,Right,SS,,,Tomahawkn10
,Durgesh O'Leary,WSH,BP,,,Left,SS,,,Communizmo
2143,Jason Girth,WSH,BP,,,Right,LF,,,wilson1229
2052,Donnie Lindsanity,WSH,BP,,,Right,LF,,,Phiask0
2203,Rusty LaRue,WSH,BN,,,Left,LF,,,TheCity95
2055,Herrera O'Doubles,WSH,BC,,,Left,CF,,,cloakington
2030,Chad Barrett,WSH,BN,,,Right,RF,,,chadbarrett50
1961,Ramicus,,BC,BS,B,Right,P,,,
,falcs51,,BC,,,Right,CF,,,
93,Master Cashier,,BP,,,Left,C,,,MasterCashier
,Aaron Range,,BC,,,Left,CF,,,Stratifyed
,Rupert Apple,,BN,,,Right,3B,,,RiparianFrutarian
,Rick Gymnast,,BC,,,Right,CF,,,gymnastrick
,Hashcoin Shitstorm,,BP,,,Right,1B,,,HashcoinShitstorm
,Timothy Moyer,,BN,BB,B,Left,P,,,timland33
2271,Ricky Steele,,BN,,,Right,CF,,,StoneSteal
